"","model",".id","X.Intercept.","TVLag0Alpha0.6Decay0.9","radioLag0Alpha0.8Decay1.0","NS_Lag0Alpha0.8Decay1.0","TVLag0Alpha0.7Decay1.0","TVLag0Alpha0.6Decay1.0","radioLag0Alpha0.9Decay1.0","radioLag0Alpha1.0Decay1.0","NS_Lag0Alpha0.9Decay1.0","NS_Lag0Alpha1.0Decay1.0",".id.1","X.Intercept..1","TVLag0Alpha0.6Decay0.9.1","radioLag0Alpha0.8Decay1.0.1","NS_Lag0Alpha0.8Decay1.0.1","TVLag0Alpha0.7Decay1.0.1","TVLag0Alpha0.6Decay1.0.1","radioLag0Alpha0.9Decay1.0.1","radioLag0Alpha1.0Decay1.0.1","NS_Lag0Alpha0.9Decay1.0.1","NS_Lag0Alpha1.0Decay1.0.1","unlist.adjR2."
"5","sales ~ 1 + TVLag0Alpha0.7Decay1.0 + radioLag0Alpha0.9Decay1.0 + NS_Lag0Alpha0.8Decay1.0","5",0.59120921475523,NA,NA,0.000960811057311372,0.276149428667017,NA,0.285962082596389,NA,NA,NA,"5",1.79623318642733,NA,NA,0.0736973728824449,37.3287176503415,NA,24.9039235701076,NA,NA,NA,0.916396096994755
"6","sales ~ 1 + TVLag0Alpha0.6Decay1.0 + radioLag0Alpha0.9Decay1.0 + NS_Lag0Alpha0.8Decay1.0","6",-0.4744257889347,NA,NA,0.000881556929526365,NA,0.513640899347067,0.288146880348658,NA,NA,NA,"6",-1.41155963940183,NA,NA,0.0700198982968523,NA,38.8373588140204,25.9888635614762,NA,NA,NA,0.92203270381359
"14","sales ~ 1 + TVLag0Alpha0.7Decay1.0 + radioLag0Alpha0.9Decay1.0 + NS_Lag0Alpha0.9Decay1.0","14",0.596456218381792,NA,NA,NA,0.276159116093367,NA,0.28610619331938,NA,0.000294742178070204,NA,"14",1.84896379493676,NA,NA,NA,37.3285843095032,NA,24.8517928453635,NA,0.0357331490537467,NA,0.916394324925674
"15","sales ~ 1 + TVLag0Alpha0.6Decay1.0 + radioLag0Alpha0.9Decay1.0 + NS_Lag0Alpha0.9Decay1.0","15",-0.470419035246401,NA,NA,NA,NA,0.513653695563042,0.288248451123907,NA,0.000334295060262866,NA,"15",-1.42468061825539,NA,NA,NA,NA,38.8373347897416,25.9304548553382,NA,0.0419683367254971,NA,0.922031454182153
"24","sales ~ 1 + TVLag0Alpha0.6Decay1.0 + radioLag0Alpha0.9Decay1.0 + NS_Lag0Alpha1.0Decay1.0","24",-0.467158341873286,NA,NA,NA,NA,0.51366893541716,0.288371669374828,NA,NA,4.88394497692699e-05,"24",-1.43268696088275,NA,NA,NA,NA,38.8379287805456,25.8859166136282,NA,NA,0.00963698040677623,0.922030790467307
